Track n°,Slice n°,X,Y,Distance,Velocity,Pixel Value
1,1,1712,1128,-1.000,-1.000,180
1,2,1672,1132,26.799,1.787,217
1,3,1644,1120,20.309,1.354,179
1,4,1644,1120,0.000,0.000,119
1,5,1644,1136,10.667,0.711,219
1,6,1644,1136,0.000,0.000,170
1,7,1660,1120,15.085,1.006,127
1,8,1680,1128,14.360,0.957,108
1,9,1660,1156,22.939,1.529,201
1,10,1660,1156,0.000,0.000,236
1,11,1656,1156,2.667,0.178,195
1,12,1664,1152,5.963,0.398,190
1,13,1664,1152,0.000,0.000,221
1,14,1672,1144,7.542,0.503,180
1,15,1692,1136,14.360,0.957,190
1,16,1696,1148,8.433,0.562,170
1,17,1696,1148,0.000,0.000,199
1,18,1696,1148,0.000,0.000,122
1,19,1740,1156,29.814,1.988,194
1,20,1756,1160,10.995,0.733,196
1,21,1776,1160,13.333,0.889,200
1,22,1772,1180,13.597,0.906,183
1,23,1756,1208,21.499,1.433,190
1,24,1752,1212,3.771,0.251,124
1,25,1764,1188,17.888,1.193,196
1,26,1772,1188,5.333,0.356,212
1,27,1776,1192,3.771,0.251,129
1,28,1812,1224,32.111,2.141,198
1,29,1812,1232,5.333,0.356,200
1,30,1820,1220,9.615,0.641,173
1,31,1820,1220,0.000,0.000,196
1,32,1828,1216,5.963,0.398,109
1,33,1832,1232,10.995,0.733,187
1,34,1832,1244,8.000,0.533,192
1,35,1828,1252,5.963,0.398,118
1,36,1812,1272,17.075,1.138,204
1,37,1812,1280,5.333,0.356,177
1,38,1816,1296,10.995,0.733,181
1,39,1820,1300,3.771,0.251,184
1,40,1848,1300,18.666,1.244,113
1,41,1848,1308,5.333,0.356,113
1,42,1836,1328,15.549,1.037,179
1,43,1836,1328,0.000,0.000,132
1,44,1824,1344,13.333,0.889,169
1,45,1828,1352,5.963,0.398,170
1,46,1840,1372,15.549,1.037,178
1,47,1848,1392,14.360,0.957,159
1,48,1848,1404,8.000,0.533,156
1,49,1852,1404,2.667,0.178,112
1,50,1848,1428,16.221,1.081,145
1,51,1836,1428,8.000,0.533,180
1,52,1820,1428,10.667,0.711,198
1,53,1820,1436,5.333,0.356,136
1,54,1812,1456,14.360,0.957,172
1,55,1792,1452,13.597,0.906,179
1,56,1796,1452,2.667,0.178,174
1,57,1796,1452,0.000,0.000,167
1,58,1788,1460,7.542,0.503,167
1,59,1780,1464,5.963,0.398,165
1,60,1780,1468,2.667,0.178,159
1,61,1768,1468,8.000,0.533,172
1,62,1764,1468,2.667,0.178,173
1,63,1724,1476,27.194,1.813,126
1,64,1768,1476,29.333,1.956,143
1,65,1752,1484,11.926,0.795,165
1,66,1752,1484,0.000,0.000,152
1,67,1752,1484,0.000,0.000,169
1,68,1752,1484,0.000,0.000,183
1,69,1764,1472,11.314,0.754,160
1,70,1764,1472,0.000,0.000,178
1,71,1764,1472,0.000,0.000,174
1,72,1764,1472,0.000,0.000,158
1,73,1764,1472,0.000,0.000,169
1,74,1756,1472,5.333,0.356,147
1,75,1752,1468,3.771,0.251,166
1,76,1744,1460,7.542,0.503,177
1,77,1744,1460,0.000,0.000,166
1,78,1740,1460,2.667,0.178,135
1,79,1740,1460,0.000,0.000,169
1,80,1740,1460,0.000,0.000,165
1,81,1740,1460,0.000,0.000,153
1,82,1740,1460,0.000,0.000,185
1,83,1740,1460,0.000,0.000,186
1,84,1740,1460,0.000,0.000,165
1,85,1744,1460,2.667,0.178,160
1,86,1744,1464,2.667,0.178,154
1,87,1744,1472,5.333,0.356,168
1,88,1744,1476,2.667,0.178,170
1,89,1748,1476,2.667,0.178,105
1,90,1744,1476,2.667,0.178,162
1,91,1740,1476,2.667,0.178,160
1,92,1740,1476,0.000,0.000,168
1,93,1736,1476,2.667,0.178,152
1,94,1728,1476,5.333,0.356,154
1,95,1720,1476,5.333,0.356,154
1,96,1716,1480,3.771,0.251,157
1,97,1712,1492,8.433,0.562,171
3,1,1148,1276,-1.000,-1.000,293
3,2,1148,1276,0.000,0.000,196
3,3,1148,1296,13.333,0.889,215
3,4,1148,1304,5.333,0.356,187
3,5,1152,1312,5.963,0.398,178
3,6,1148,1316,3.771,0.251,184
3,7,1148,1320,2.667,0.178,175
3,8,1148,1324,2.667,0.178,206
3,9,1148,1336,8.000,0.533,192
3,10,1148,1336,0.000,0.000,178
3,11,1148,1340,2.667,0.178,184
3,12,1152,1344,3.771,0.251,121
3,13,1116,1500,106.732,7.115,210
3,14,1128,1524,17.888,1.193,130
3,15,1092,1500,28.844,1.923,163
3,16,1092,1500,0.000,0.000,191
3,17,1096,1524,16.221,1.081,165
3,18,1096,1536,8.000,0.533,160
3,19,1096,1540,2.667,0.178,194
3,20,1092,1536,3.771,0.251,172
3,21,1092,1536,0.000,0.000,175
3,22,1096,1536,2.667,0.178,171
3,23,1096,1536,0.000,0.000,177
3,24,1096,1540,2.667,0.178,209
3,25,1092,1552,8.433,0.562,176
3,26,1092,1564,8.000,0.533,156
3,27,1088,1572,5.963,0.398,163
3,28,1072,1604,23.851,1.590,195
3,29,1072,1620,10.667,0.711,164
3,30,1072,1620,0.000,0.000,176
3,31,1072,1632,8.000,0.533,198
3,32,1072,1636,2.667,0.178,176
3,33,1068,1640,3.771,0.251,130
3,34,1068,1640,0.000,0.000,106
3,35,1056,1600,27.841,1.856,137
3,36,1056,1600,0.000,0.000,174
3,37,1056,1608,5.333,0.356,146
3,38,1056,1612,2.667,0.178,168
3,39,1056,1612,0.000,0.000,191
3,40,1060,1608,3.771,0.251,203
3,41,1064,1608,2.667,0.178,152
3,42,1076,1584,17.888,1.193,214
3,43,1076,1572,8.000,0.533,194
3,44,1076,1564,5.333,0.356,165
3,45,1076,1564,0.000,0.000,173
3,46,1076,1552,8.000,0.533,205
3,47,1080,1568,10.995,0.733,169
3,48,1080,1568,0.000,0.000,172
3,49,1068,1552,13.333,0.889,154
3,50,1068,1552,0.000,0.000,158
3,51,1068,1552,0.000,0.000,157
3,52,1068,1552,0.000,0.000,171
3,53,1068,1552,0.000,0.000,142
3,54,1068,1552,0.000,0.000,131
3,55,1092,1540,17.888,1.193,166
3,56,1092,1540,0.000,0.000,139
3,57,1088,1540,2.667,0.178,160
3,58,1080,1536,5.963,0.398,160
3,59,1080,1536,0.000,0.000,171
3,60,1080,1552,10.667,0.711,152
3,61,1076,1552,2.667,0.178,152
3,62,1076,1552,0.000,0.000,149
3,63,1076,1552,0.000,0.000,173
3,64,1076,1548,2.667,0.178,179
3,65,1076,1540,5.333,0.356,181
3,66,1076,1540,0.000,0.000,178
3,67,1076,1540,0.000,0.000,170
3,68,1088,1560,15.549,1.037,135
3,69,1088,1560,0.000,0.000,133
3,70,1056,1560,21.333,1.422,163
3,71,1060,1560,2.667,0.178,191
3,72,1072,1572,11.314,0.754,150
3,73,1072,1572,0.000,0.000,141
3,74,1072,1572,0.000,0.000,115
3,75,1072,1572,0.000,0.000,118
3,76,1072,1580,5.333,0.356,115
3,77,1068,1584,3.771,0.251,121
3,78,1056,1592,9.615,0.641,146
3,79,1052,1600,5.963,0.398,174
3,80,1048,1600,2.667,0.178,168
3,81,1048,1604,2.667,0.178,175
3,82,1048,1604,0.000,0.000,144
3,83,1048,1604,0.000,0.000,167
3,84,1048,1600,2.667,0.178,154
3,85,1052,1596,3.771,0.251,177
3,86,1052,1592,2.667,0.178,179
3,87,1048,1580,8.433,0.562,140
3,88,1048,1580,0.000,0.000,143
3,89,1048,1580,0.000,0.000,150
3,90,1048,1580,0.000,0.000,186
3,91,1048,1580,0.000,0.000,166
3,92,1044,1600,13.597,0.906,174
3,93,1044,1600,0.000,0.000,137
3,94,1040,1600,2.667,0.178,154
3,95,1040,1600,0.000,0.000,166
3,96,1036,1600,2.667,0.178,153
3,97,1036,1600,0.000,0.000,144
5,1,508,1912,-1.000,-1.000,183
5,2,508,1912,0.000,0.000,192
5,3,508,1916,2.667,0.178,135
5,4,464,1956,39.642,2.643,147
5,5,464,1960,2.667,0.178,147
5,6,464,1972,8.000,0.533,146
5,7,460,1984,8.433,0.562,117
5,8,456,1984,2.667,0.178,140
5,9,456,1984,0.000,0.000,122
5,10,452,1992,5.963,0.398,127
5,11,472,1976,17.075,1.138,184
5,12,472,1976,0.000,0.000,164
5,13,472,1976,0.000,0.000,120
5,14,472,1976,0.000,0.000,126
5,15,472,1988,8.000,0.533,160
5,16,488,2000,13.333,0.889,137
5,17,492,2004,3.771,0.251,156
5,18,492,2012,5.333,0.356,143
5,19,476,2024,13.333,0.889,157
5,20,476,2024,0.000,0.000,124
5,21,476,2024,0.000,0.000,123
5,22,436,1984,37.712,2.514,114
5,23,448,1980,8.433,0.562,154
5,24,448,1980,0.000,0.000,138
5,25,448,1984,2.667,0.178,120
5,26,396,1996,35.577,2.372,157
5,27,416,2000,13.597,0.906,120
5,28,416,2000,0.000,0.000,179
5,29,416,2000,0.000,0.000,123
5,30,412,2004,3.771,0.251,143
5,31,408,2012,5.963,0.398,149
5,32,408,2012,0.000,0.000,137
5,33,404,2008,3.771,0.251,136
5,34,404,2008,0.000,0.000,162
5,35,404,2008,0.000,0.000,137
5,36,404,2008,0.000,0.000,170
5,37,404,2016,5.333,0.356,142
5,38,404,2016,0.000,0.000,131
5,39,404,2016,0.000,0.000,120
5,40,412,1980,24.585,1.639,160
5,41,412,1976,2.667,0.178,162
5,42,412,1976,0.000,0.000,145
5,43,412,1980,2.667,0.178,145
5,44,412,1992,8.000,0.533,159
5,45,412,1996,2.667,0.178,118
5,46,412,1996,0.000,0.000,146
5,47,420,2004,7.542,0.503,135
5,48,424,2004,2.667,0.178,150
5,49,428,2000,3.771,0.251,107
5,50,436,1996,5.963,0.398,134
5,51,436,1992,2.667,0.178,131
5,52,436,1992,0.000,0.000,165
5,53,436,1992,0.000,0.000,113
5,54,436,1992,0.000,0.000,137
5,55,440,1992,2.667,0.178,126
5,56,440,1992,0.000,0.000,172
5,57,440,1992,0.000,0.000,158
5,58,440,1992,0.000,0.000,155
5,59,436,1992,2.667,0.178,125
5,60,436,1992,0.000,0.000,128
5,61,436,1996,2.667,0.178,138
5,62,436,1996,0.000,0.000,129
5,63,444,1992,5.963,0.398,117
5,64,460,1992,10.667,0.711,124
5,65,464,1992,2.667,0.178,128
5,66,444,1984,14.360,0.957,149
5,67,444,1984,0.000,0.000,150
5,68,444,1984,0.000,0.000,146
5,69,444,1984,0.000,0.000,158
5,70,444,1984,0.000,0.000,140
5,71,440,1996,8.433,0.562,129
5,72,440,1996,0.000,0.000,150
5,73,440,1996,0.000,0.000,139
5,74,436,2000,3.771,0.251,158
5,75,436,2000,0.000,0.000,134
5,76,428,2008,7.542,0.503,156
5,77,420,2016,7.542,0.503,144
5,78,416,2020,3.771,0.251,176
5,79,416,2024,2.667,0.178,131
5,80,416,2032,5.333,0.356,139
5,81,420,2032,2.667,0.178,145
5,82,420,2040,5.333,0.356,146
5,83,420,2036,2.667,0.178,126
5,84,400,2028,14.360,0.957,126
5,85,400,2028,0.000,0.000,147
5,86,400,2028,0.000,0.000,138
5,87,396,2028,2.667,0.178,152
5,88,392,2028,2.667,0.178,136
5,89,392,2024,2.667,0.178,142
5,90,392,2024,0.000,0.000,158
5,91,392,2024,0.000,0.000,142
5,92,392,2024,0.000,0.000,122
5,93,392,2024,0.000,0.000,130
5,94,392,2024,0.000,0.000,152
5,95,400,2012,9.615,0.641,128
5,96,400,2012,0.000,0.000,122
5,97,404,2016,3.771,0.251,134
7,1,588,896,-1.000,-1.000,300
7,2,576,904,9.615,0.641,292
7,3,584,904,5.333,0.356,380
7,4,584,904,0.000,0.000,483
7,5,584,904,0.000,0.000,387
7,6,584,904,0.000,0.000,391
7,7,584,900,2.667,0.178,330
7,8,584,900,0.000,0.000,169
7,9,572,848,35.577,2.372,374
7,10,572,844,2.667,0.178,320
7,11,564,828,11.926,0.795,202
7,12,564,776,34.666,2.311,331
7,13,540,752,22.627,1.508,296
7,14,536,748,3.771,0.251,344
7,15,532,736,8.433,0.562,417
7,16,532,736,0.000,0.000,302
7,17,532,736,0.000,0.000,320
7,18,516,740,10.995,0.733,266
7,19,508,744,5.963,0.398,366
7,20,508,748,2.667,0.178,455
7,21,536,756,19.413,1.294,301
7,22,536,756,0.000,0.000,305
7,23,536,756,0.000,0.000,294
7,24,528,752,5.963,0.398,333
7,25,520,752,5.333,0.356,254
7,26,520,752,0.000,0.000,320
7,27,516,752,2.667,0.178,128
7,28,496,768,17.075,1.138,312
7,29,488,764,5.963,0.398,272
7,30,484,764,2.667,0.178,263
7,31,480,764,2.667,0.178,132
7,32,472,752,9.615,0.641,133
7,33,464,736,11.926,0.795,338
7,34,468,720,10.995,0.733,393
7,35,468,720,0.000,0.000,307
7,36,468,744,16.000,1.067,175
7,37,456,744,8.000,0.533,188
7,38,448,744,5.333,0.356,122
7,39,400,748,32.111,2.141,293
7,40,400,748,0.000,0.000,298
7,41,396,748,2.667,0.178,277
7,42,368,756,19.413,1.294,335
7,43,348,768,15.549,1.037,329
7,44,344,768,2.667,0.178,279
7,45,324,784,17.075,1.138,295
7,46,320,792,5.963,0.398,279
7,47,316,792,2.667,0.178,248
7,48,308,808,11.926,0.795,282
7,49,308,808,0.000,0.000,261
7,50,308,816,5.333,0.356,263
7,51,308,840,16.000,1.067,197
7,52,312,828,8.433,0.562,289
7,53,320,832,5.963,0.398,234
7,54,324,836,3.771,0.251,325
7,55,324,836,0.000,0.000,255
7,56,324,836,0.000,0.000,294
7,57,328,836,2.667,0.178,275
7,58,336,836,5.333,0.356,328
7,59,348,840,8.433,0.562,270
7,60,348,844,2.667,0.178,244
7,61,360,844,8.000,0.533,302
7,62,360,844,0.000,0.000,297
7,63,360,844,0.000,0.000,275
7,64,360,844,0.000,0.000,255
7,65,368,844,5.333,0.356,262
7,66,368,844,0.000,0.000,279
7,67,392,860,19.229,1.282,215
7,68,384,868,7.542,0.503,243
7,69,384,872,2.667,0.178,272
7,70,384,872,0.000,0.000,250
7,71,384,872,0.000,0.000,269
7,72,384,880,5.333,0.356,267
7,73,384,880,0.000,0.000,262
7,74,380,888,5.963,0.398,253
7,75,380,892,2.667,0.178,169
7,76,384,896,3.771,0.251,169
7,77,388,912,10.995,0.733,314
7,78,388,924,8.000,0.533,255
7,79,388,940,10.667,0.711,234
7,80,376,948,9.615,0.641,266
7,81,376,948,0.000,0.000,211
7,82,376,948,0.000,0.000,352
7,83,384,948,5.333,0.356,248
7,84,384,948,0.000,0.000,228
7,85,384,956,5.333,0.356,202
7,86,384,956,0.000,0.000,203
7,87,384,956,0.000,0.000,229
7,88,376,948,7.542,0.503,226
7,89,376,948,0.000,0.000,225
7,90,376,948,0.000,0.000,233
7,91,376,948,0.000,0.000,257
7,92,372,948,2.667,0.178,207
7,93,372,948,0.000,0.000,250
7,94,368,944,3.771,0.251,208
7,95,368,940,2.667,0.178,290
7,96,376,940,5.333,0.356,223
7,97,404,956,21.499,1.433,116
9,1,928,448,-1.000,-1.000,199
9,2,928,452,2.667,0.178,191
9,3,932,452,2.667,0.178,136
9,4,912,456,13.597,0.906,210
9,5,912,456,0.000,0.000,177
9,6,912,460,2.667,0.178,165
9,7,900,464,8.433,0.562,138
9,8,896,468,3.771,0.251,124
9,9,860,492,28.844,1.923,189
9,10,860,500,5.333,0.356,207
9,11,844,512,13.333,0.889,117
9,12,836,532,14.360,0.957,137
9,13,836,540,5.333,0.356,130
9,14,832,576,24.147,1.610,131
9,15,832,540,24.000,1.600,219
9,16,824,548,7.542,0.503,172
9,17,816,544,5.963,0.398,124
9,18,816,540,2.667,0.178,119
9,19,820,512,18.856,1.257,181
9,20,820,504,5.333,0.356,239
9,21,820,504,0.000,0.000,146
9,22,836,476,21.499,1.433,189
9,23,832,472,3.771,0.251,208
9,24,828,464,5.963,0.398,213
9,25,824,440,16.221,1.081,188
9,26,828,428,8.433,0.562,185
9,27,840,416,11.314,0.754,248
9,28,840,412,2.667,0.178,210
9,29,840,412,0.000,0.000,172
9,30,864,400,17.888,1.193,231
9,31,872,400,5.333,0.356,193
9,32,872,400,0.000,0.000,178
9,33,868,400,2.667,0.178,193
9,34,864,396,3.771,0.251,142
9,35,864,384,8.000,0.533,186
9,36,864,376,5.333,0.356,151
9,37,868,368,5.963,0.398,150
9,38,860,396,19.413,1.294,140
9,39,896,384,25.298,1.687,108
9,40,904,384,5.333,0.356,129
9,41,864,392,27.194,1.813,194
9,42,864,388,2.667,0.178,165
9,43,864,388,0.000,0.000,166
9,44,868,388,2.667,0.178,176
9,45,868,388,0.000,0.000,221
9,46,868,392,2.667,0.178,186
9,47,872,392,2.667,0.178,178
9,48,872,392,0.000,0.000,189
9,49,872,392,0.000,0.000,167
9,50,872,392,0.000,0.000,179
9,51,872,392,0.000,0.000,182
9,52,888,392,10.667,0.711,181
9,53,896,388,5.963,0.398,176
9,54,896,388,0.000,0.000,190
9,55,896,388,0.000,0.000,200
9,56,900,388,2.667,0.178,188
9,57,900,388,0.000,0.000,175
9,58,900,388,0.000,0.000,163
9,59,900,388,0.000,0.000,136
9,60,912,388,8.000,0.533,147
9,61,948,388,24.000,1.600,182
9,62,952,388,2.667,0.178,171
9,63,956,388,2.667,0.178,190
9,64,964,380,7.542,0.503,162
9,65,968,380,2.667,0.178,170
9,66,968,380,0.000,0.000,180
9,67,968,380,0.000,0.000,148
9,68,972,380,2.667,0.178,159
9,69,976,376,3.771,0.251,139
9,70,976,376,0.000,0.000,122
9,71,964,380,8.433,0.562,137
9,72,952,392,11.314,0.754,144
9,73,948,396,3.771,0.251,160
9,74,944,396,2.667,0.178,170
9,75,944,396,0.000,0.000,201
9,76,940,396,2.667,0.178,178
9,77,940,396,0.000,0.000,168
9,78,940,396,0.000,0.000,176
9,79,940,396,0.000,0.000,132
9,80,940,396,0.000,0.000,140
9,81,948,396,5.333,0.356,134
9,82,960,388,9.615,0.641,162
9,83,960,388,0.000,0.000,161
9,84,960,388,0.000,0.000,181
9,85,960,388,0.000,0.000,192
9,86,960,388,0.000,0.000,137
9,87,944,392,10.995,0.733,142
9,88,936,392,5.333,0.356,159
9,89,920,396,10.995,0.733,157
9,90,920,396,0.000,0.000,151
9,91,920,396,0.000,0.000,132
9,92,920,404,5.333,0.356,154
9,93,904,416,13.333,0.889,137
9,94,904,428,8.000,0.533,146
9,95,912,440,9.615,0.641,153
9,96,912,444,2.667,0.178,172
9,97,916,448,3.771,0.251,178
11,1,2276,616,-1.000,-1.000,178
11,2,2276,616,0.000,0.000,154
11,3,2276,616,0.000,0.000,189
11,4,2276,616,0.000,0.000,154
11,5,2276,616,0.000,0.000,139
11,6,2268,616,5.333,0.356,152
11,7,2264,616,2.667,0.178,142
11,8,2252,616,8.000,0.533,149
11,9,2248,616,2.667,0.178,125
11,10,2292,600,31.212,2.081,118
11,11,2260,624,26.666,1.778,172
11,12,2260,624,0.000,0.000,205
11,13,2244,624,10.667,0.711,162
11,14,2236,624,5.333,0.356,144
11,15,2236,624,0.000,0.000,155
11,16,2264,612,20.309,1.354,154
11,17,2268,608,3.771,0.251,147
11,18,2264,608,2.667,0.178,170
11,19,2252,608,8.000,0.533,184
11,20,2252,604,2.667,0.178,182
11,21,2252,604,0.000,0.000,154
11,22,2252,604,0.000,0.000,179
11,23,2268,608,10.995,0.733,132
11,24,2264,612,3.771,0.251,139
11,25,2256,616,5.963,0.398,157
11,26,2256,616,0.000,0.000,159
11,27,2260,612,3.771,0.251,148
11,28,2260,612,0.000,0.000,158
11,29,2260,612,0.000,0.000,168
11,30,2264,608,3.771,0.251,169
11,31,2264,608,0.000,0.000,168
11,32,2268,608,2.667,0.178,147
11,33,2268,604,2.667,0.178,145
11,34,2268,604,0.000,0.000,140
11,35,2272,596,5.963,0.398,127
11,36,2252,596,13.333,0.889,148
11,37,2252,596,0.000,0.000,173
11,38,2252,600,2.667,0.178,150
11,39,2256,600,2.667,0.178,159
11,40,2256,608,5.333,0.356,140
11,41,2256,608,0.000,0.000,152
11,42,2256,612,2.667,0.178,118
11,43,2256,612,0.000,0.000,121
11,44,2252,616,3.771,0.251,100
11,45,2248,620,3.771,0.251,123
11,46,2236,628,9.615,0.641,178
11,47,2232,628,2.667,0.178,138
11,48,2232,628,0.000,0.000,145
11,49,2232,628,0.000,0.000,149
11,50,2232,628,0.000,0.000,138
11,51,2232,632,2.667,0.178,134
11,52,2232,632,0.000,0.000,163
11,53,2232,632,0.000,0.000,169
11,54,2236,632,2.667,0.178,141
11,55,2236,632,0.000,0.000,160
11,56,2236,632,0.000,0.000,152
11,57,2236,632,0.000,0.000,136
11,58,2236,640,5.333,0.356,140
11,59,2240,644,3.771,0.251,155
11,60,2252,644,8.000,0.533,172
11,61,2256,644,2.667,0.178,175
11,62,2252,644,2.667,0.178,158
11,63,2248,640,3.771,0.251,133
11,64,2248,640,0.000,0.000,138
11,65,2248,640,0.000,0.000,124
11,66,2252,636,3.771,0.251,161
11,67,2252,636,0.000,0.000,124
11,68,2252,632,2.667,0.178,176
11,69,2252,632,0.000,0.000,167
11,70,2252,632,0.000,0.000,155
11,71,2252,632,0.000,0.000,155
11,72,2252,632,0.000,0.000,177
11,73,2252,632,0.000,0.000,136
11,74,2252,632,0.000,0.000,169
11,75,2252,632,0.000,0.000,183
11,76,2252,632,0.000,0.000,183
11,77,2256,632,2.667,0.178,152
11,78,2260,628,3.771,0.251,147
11,79,2264,628,2.667,0.178,144
11,80,2264,628,0.000,0.000,152
11,81,2264,632,2.667,0.178,123
11,82,2264,636,2.667,0.178,149
11,83,2264,636,0.000,0.000,176
11,84,2264,636,0.000,0.000,134
11,85,2264,636,0.000,0.000,128
11,86,2264,636,0.000,0.000,144
11,87,2264,636,0.000,0.000,113
11,88,2264,636,0.000,0.000,119
11,89,2264,636,0.000,0.000,119
11,90,2264,640,2.667,0.178,142
11,91,2264,640,0.000,0.000,164
11,92,2264,648,5.333,0.356,128
11,93,2264,648,0.000,0.000,137
11,94,2264,648,0.000,0.000,110
11,95,2304,640,27.194,1.813,152
11,96,2304,644,2.667,0.178,142
11,97,2296,652,7.542,0.503,156
13,1,276,1440,-1.000,-1.000,257
13,2,272,1440,2.667,0.178,170
13,3,252,1444,13.597,0.906,286
13,4,252,1444,0.000,0.000,233
13,5,252,1444,0.000,0.000,277
13,6,252,1444,0.000,0.000,231
13,7,252,1444,0.000,0.000,201
13,8,252,1440,2.667,0.178,139
13,9,252,1428,8.000,0.533,140
13,10,256,1376,34.769,2.318,285
13,11,256,1376,0.000,0.000,279
13,12,256,1368,5.333,0.356,235
13,13,256,1368,0.000,0.000,259
13,14,256,1364,2.667,0.178,258
13,15,256,1340,16.000,1.067,141
13,16,264,1336,5.963,0.398,179
13,17,264,1332,2.667,0.178,119
13,18,268,1328,3.771,0.251,130
13,19,264,1344,10.995,0.733,266
13,20,260,1348,3.771,0.251,282
13,21,256,1352,3.771,0.251,214
13,22,256,1356,2.667,0.178,189
13,23,256,1360,2.667,0.178,246
13,24,268,1344,13.333,0.889,139
13,25,256,1360,13.333,0.889,238
13,26,256,1364,2.667,0.178,118
13,27,240,1380,15.085,1.006,181
13,28,240,1384,2.667,0.178,139
13,29,228,1388,8.433,0.562,151
13,30,224,1392,3.771,0.251,119
13,31,212,1400,9.615,0.641,104
13,32,192,1432,25.157,1.677,170
13,33,192,1444,8.000,0.533,244
13,34,192,1444,0.000,0.000,184
13,35,192,1444,0.000,0.000,206
13,36,188,1464,13.597,0.906,231
13,37,184,1476,8.433,0.562,176
13,38,184,1484,5.333,0.356,192
13,39,184,1488,2.667,0.178,182
13,40,188,1492,3.771,0.251,205
13,41,188,1500,5.333,0.356,158
13,42,192,1516,10.995,0.733,156
13,43,188,1548,21.499,1.433,134
13,44,184,1576,18.856,1.257,118
13,45,184,1548,18.666,1.244,208
13,46,184,1548,0.000,0.000,257
13,47,184,1548,0.000,0.000,199
13,48,184,1548,0.000,0.000,188
13,49,184,1544,2.667,0.178,179
13,50,180,1564,13.597,0.906,199
13,51,180,1564,0.000,0.000,147
13,52,196,1548,15.085,1.006,182
13,53,196,1544,2.667,0.178,164
13,54,204,1532,9.615,0.641,181
13,55,204,1532,0.000,0.000,205
13,56,192,1548,13.333,0.889,212
13,57,192,1548,0.000,0.000,209
13,58,192,1544,2.667,0.178,154
13,59,192,1544,0.000,0.000,148
13,60,204,1536,9.615,0.641,221
13,61,216,1532,8.433,0.562,189
13,62,216,1532,0.000,0.000,135
13,63,216,1532,0.000,0.000,147
13,64,212,1528,3.771,0.251,124
13,65,212,1528,0.000,0.000,144
13,66,208,1528,2.667,0.178,136
13,67,204,1536,5.963,0.398,192
13,68,200,1540,3.771,0.251,212
13,69,196,1548,5.963,0.398,232
13,70,192,1552,3.771,0.251,250
13,71,188,1560,5.963,0.398,181
13,72,188,1568,5.333,0.356,175
13,73,188,1568,0.000,0.000,172
13,74,184,1568,2.667,0.178,180
13,75,184,1568,0.000,0.000,171
13,76,180,1564,3.771,0.251,174
13,77,180,1564,0.000,0.000,167
13,78,176,1572,5.963,0.398,166
13,79,172,1576,3.771,0.251,180
13,80,172,1580,2.667,0.178,146
13,81,180,1588,7.542,0.503,171
13,82,180,1592,2.667,0.178,180
13,83,180,1592,0.000,0.000,138
13,84,180,1612,13.333,0.889,128
13,85,180,1612,0.000,0.000,115
13,86,172,1616,5.963,0.398,115
13,87,156,1612,10.995,0.733,169
13,88,156,1608,2.667,0.178,185
13,89,148,1604,5.963,0.398,159
13,90,148,1600,2.667,0.178,174
13,91,144,1600,2.667,0.178,168
13,92,144,1600,0.000,0.000,160
13,93,148,1600,2.667,0.178,169
13,94,156,1600,5.333,0.356,179
13,95,156,1600,0.000,0.000,174
13,96,156,1600,0.000,0.000,166
13,97,156,1604,2.667,0.178,168
15,1,1168,972,-1.000,-1.000,138
15,2,1176,968,5.963,0.398,225
15,3,1176,968,0.000,0.000,177
15,4,1172,968,2.667,0.178,172
15,5,1168,972,3.771,0.251,186
15,6,1168,984,8.000,0.533,128
15,7,1164,984,2.667,0.178,119
15,8,1148,1004,17.075,1.138,206
15,9,1148,1008,2.667,0.178,185
15,10,1148,1008,0.000,0.000,183
15,11,1144,1008,2.667,0.178,182
15,12,1144,1008,0.000,0.000,188
15,13,1140,1012,3.771,0.251,162
15,14,1140,1012,0.000,0.000,195
15,15,1144,1008,3.771,0.251,171
15,16,1160,996,13.333,0.889,177
15,17,1160,992,2.667,0.178,122
15,18,1160,992,0.000,0.000,125
15,19,1160,992,0.000,0.000,121
15,20,1156,996,3.771,0.251,123
15,21,1144,1020,17.888,1.193,118
15,22,1128,1032,13.333,0.889,148
15,23,1140,984,32.985,2.199,197
15,24,1140,984,0.000,0.000,176
15,25,1140,984,0.000,0.000,162
15,26,1160,968,17.075,1.138,140
15,27,1148,976,9.615,0.641,125
15,28,1160,984,9.615,0.641,216
15,29,1164,988,3.771,0.251,170
15,30,1164,988,0.000,0.000,170
15,31,1172,992,5.963,0.398,202
15,32,1176,996,3.771,0.251,137
15,33,1176,1004,5.333,0.356,195
15,34,1176,1008,2.667,0.178,173
15,35,1176,1008,0.000,0.000,172
15,36,1176,1008,0.000,0.000,167
15,37,1192,1016,11.926,0.795,165
15,38,1192,1016,0.000,0.000,182
15,39,1192,1016,0.000,0.000,189
15,40,1192,1016,0.000,0.000,222
15,41,1192,1016,0.000,0.000,198
15,42,1188,1000,10.995,0.733,181
15,43,1192,996,3.771,0.251,193
15,44,1192,996,0.000,0.000,180
15,45,1196,1000,3.771,0.251,159
15,46,1204,1008,7.542,0.503,129
15,47,1192,996,11.314,0.754,183
15,48,1192,996,0.000,0.000,163
15,49,1188,992,3.771,0.251,167
15,50,1188,988,2.667,0.178,154
15,51,1188,984,2.667,0.178,177
15,52,1188,984,0.000,0.000,183
15,53,1188,984,0.000,0.000,165
15,54,1188,980,2.667,0.178,176
15,55,1188,976,2.667,0.178,196
15,56,1192,976,2.667,0.178,173
15,57,1192,976,0.000,0.000,173
15,58,1192,976,0.000,0.000,160
15,59,1188,980,3.771,0.251,157
15,60,1184,980,2.667,0.178,165
15,61,1180,980,2.667,0.178,129
15,62,1180,976,2.667,0.178,117
15,63,1196,976,10.667,0.711,127
15,64,1208,988,11.314,0.754,171
15,65,1212,1000,8.433,0.562,173
15,66,1216,1008,5.963,0.398,119
15,67,1220,1008,2.667,0.178,110
15,68,1220,1008,0.000,0.000,113
15,69,1200,980,22.939,1.529,186
15,70,1200,976,2.667,0.178,117
15,71,1224,988,17.888,1.193,193
15,72,1228,992,3.771,0.251,183
15,73,1228,992,0.000,0.000,107
15,74,1172,1000,37.712,2.514,126
15,75,1216,984,31.212,2.081,112
15,76,1208,988,5.963,0.398,135
15,77,1208,988,0.000,0.000,142
15,78,1200,996,7.542,0.503,168
15,79,1192,1000,5.963,0.398,161
15,80,1196,996,3.771,0.251,181
15,81,1200,992,3.771,0.251,206
15,82,1216,996,10.995,0.733,130
15,83,1216,1000,2.667,0.178,124
15,84,1208,1004,5.963,0.398,174
15,85,1208,1004,0.000,0.000,141
15,86,1208,1000,2.667,0.178,136
15,87,1208,1004,2.667,0.178,134
15,88,1204,1020,10.995,0.733,108
15,89,1204,1028,5.333,0.356,164
15,90,1204,1032,2.667,0.178,176
15,91,1204,1044,8.000,0.533,119
15,92,1200,1048,3.771,0.251,115
15,93,1176,1044,16.221,1.081,143
15,94,1188,1036,9.615,0.641,168
15,95,1188,1036,0.000,0.000,161
15,96,1188,1036,0.000,0.000,122
15,97,1188,1036,0.000,0.000,126
17,1,1072,1060,-1.000,-1.000,184
17,2,1072,1060,0.000,0.000,136
17,3,1072,1060,0.000,0.000,117
17,4,1060,1072,11.314,0.754,123
17,5,1056,1080,5.963,0.398,116
17,6,1024,1076,21.499,1.433,178
17,7,1024,1076,0.000,0.000,205
17,8,1020,1072,3.771,0.251,177
17,9,1016,1064,5.963,0.398,193
17,10,1028,1036,20.309,1.354,112
17,11,1024,1060,16.221,1.081,186
17,12,1024,1064,2.667,0.178,194
17,13,1020,1064,2.667,0.178,200
17,14,1020,1064,0.000,0.000,182
17,15,1020,1064,0.000,0.000,126
17,16,1016,1068,3.771,0.251,118
17,17,1024,1072,5.963,0.398,129
17,18,1032,1080,7.542,0.503,128
17,19,1040,1088,7.542,0.503,115
17,20,1040,1100,8.000,0.533,159
17,21,1040,1108,5.333,0.356,158
17,22,1040,1120,8.000,0.533,182
17,23,1040,1120,0.000,0.000,162
17,24,1040,1124,2.667,0.178,181
17,25,1040,1132,5.333,0.356,150
17,26,1048,1116,11.926,0.795,175
17,27,1048,1116,0.000,0.000,125
17,28,1048,1124,5.333,0.356,114
17,29,1056,1160,24.585,1.639,129
17,30,1032,1164,16.221,1.081,158
17,31,1028,1168,3.771,0.251,156
17,32,1028,1168,0.000,0.000,152
17,33,1028,1172,2.667,0.178,183
17,34,1028,1176,2.667,0.178,147
17,35,1028,1176,0.000,0.000,198
17,36,1024,1180,3.771,0.251,185
17,37,1012,1184,8.433,0.562,174
17,38,1012,1188,2.667,0.178,166
17,39,1008,1192,3.771,0.251,173
17,40,992,1196,10.995,0.733,113
17,41,992,1196,0.000,0.000,175
17,42,992,1196,0.000,0.000,202
17,43,992,1200,2.667,0.178,152
17,44,988,1204,3.771,0.251,120
17,45,988,1204,0.000,0.000,110
17,46,1016,1200,18.856,1.257,166
17,47,1016,1200,0.000,0.000,159
17,48,1016,1200,0.000,0.000,189
17,49,1012,1192,5.963,0.398,178
17,50,1012,1184,5.333,0.356,164
17,51,1012,1184,0.000,0.000,154
17,52,1012,1184,0.000,0.000,139
17,53,1008,1192,5.963,0.398,170
17,54,1008,1192,0.000,0.000,169
17,55,1008,1192,0.000,0.000,166
17,56,1008,1192,0.000,0.000,161
17,57,1004,1192,2.667,0.178,178
17,58,1004,1192,0.000,0.000,150
17,59,1004,1192,0.000,0.000,170
17,60,996,1192,5.333,0.356,125
17,61,996,1192,0.000,0.000,147
17,62,988,1192,5.333,0.356,123
17,63,988,1192,0.000,0.000,117
17,64,1012,1196,16.221,1.081,153
17,65,1004,1200,5.963,0.398,143
17,66,1000,1204,3.771,0.251,156
17,67,1000,1204,0.000,0.000,135
17,68,1000,1208,2.667,0.178,137
17,69,996,1216,5.963,0.398,125
17,70,992,1228,8.433,0.562,144
17,71,992,1236,5.333,0.356,177
17,72,996,1248,8.433,0.562,151
17,73,996,1252,2.667,0.178,117
17,74,1012,1228,19.229,1.282,152
17,75,1012,1228,0.000,0.000,177
17,76,1012,1224,2.667,0.178,153
17,77,1000,1224,8.000,0.533,165
17,78,992,1220,5.963,0.398,182
17,79,992,1220,0.000,0.000,146
17,80,992,1216,2.667,0.178,176
17,81,992,1216,0.000,0.000,138
17,82,992,1212,2.667,0.178,113
17,83,992,1208,2.667,0.178,109
17,84,984,1208,5.333,0.356,127
17,85,976,1216,7.542,0.503,119
17,86,968,1224,7.542,0.503,127
17,87,960,1244,14.360,0.957,144
17,88,956,1252,5.963,0.398,154
17,89,956,1256,2.667,0.178,155
17,90,956,1256,0.000,0.000,135
17,91,956,1256,0.000,0.000,121
17,92,956,1256,0.000,0.000,147
17,93,976,1240,17.075,1.138,128
17,94,972,1236,3.771,0.251,169
17,95,968,1232,3.771,0.251,183
17,96,964,1224,5.963,0.398,181
17,97,964,1224,0.000,0.000,134
19,1,2164,1692,-1.000,-1.000,175
19,2,2164,1692,0.000,0.000,121
19,3,2176,1684,9.615,0.641,191
19,4,2152,1672,17.888,1.193,191
19,5,2144,1664,7.542,0.503,114
19,6,2124,1668,13.597,0.906,191
19,7,2072,1704,42.163,2.811,126
19,8,2056,1700,10.995,0.733,202
19,9,2060,1700,2.667,0.178,219
19,10,2056,1700,2.667,0.178,212
19,11,2056,1704,2.667,0.178,197
19,12,2056,1704,0.000,0.000,177
19,13,2056,1704,0.000,0.000,171
19,14,2056,1704,0.000,0.000,197
19,15,2052,1696,5.963,0.398,174
19,16,2048,1696,2.667,0.178,125
19,17,2048,1696,0.000,0.000,119
19,18,2056,1684,9.615,0.641,126
19,19,2080,1680,16.221,1.081,159
19,20,2084,1680,2.667,0.178,149
19,21,2084,1680,0.000,0.000,121
19,22,2084,1676,2.667,0.178,195
19,23,2084,1676,0.000,0.000,189
19,24,2084,1676,0.000,0.000,200
19,25,2084,1676,0.000,0.000,172
19,26,2084,1676,0.000,0.000,168
19,27,2108,1652,22.627,1.508,111
19,28,2104,1652,2.667,0.178,170
19,29,2104,1652,0.000,0.000,175
19,30,2104,1652,0.000,0.000,160
19,31,2128,1636,19.229,1.282,156
19,32,2136,1636,5.333,0.356,167
19,33,2140,1636,2.667,0.178,173
19,34,2144,1636,2.667,0.178,171
19,35,2148,1628,5.963,0.398,189
19,36,2148,1628,0.000,0.000,165
19,37,2148,1628,0.000,0.000,189
19,38,2148,1628,0.000,0.000,160
19,39,2148,1628,0.000,0.000,160
19,40,2148,1624,2.667,0.178,119
19,41,2136,1632,9.615,0.641,158
19,42,2136,1632,0.000,0.000,167
19,43,2136,1628,2.667,0.178,174
19,44,2136,1628,0.000,0.000,156
19,45,2136,1628,0.000,0.000,164
19,46,2152,1612,15.085,1.006,130
19,47,2152,1628,10.667,0.711,172
19,48,2152,1628,0.000,0.000,180
19,49,2152,1628,0.000,0.000,165
19,50,2152,1628,0.000,0.000,180
19,51,2152,1628,0.000,0.000,165
19,52,2152,1628,0.000,0.000,147
19,53,2144,1624,5.963,0.398,156
19,54,2144,1620,2.667,0.178,171
19,55,2156,1612,9.615,0.641,147
19,56,2156,1612,0.000,0.000,139
19,57,2168,1616,8.433,0.562,146
19,58,2160,1624,7.542,0.503,166
19,59,2160,1632,5.333,0.356,169
19,60,2160,1632,0.000,0.000,151
19,61,2156,1632,2.667,0.178,156
19,62,2156,1632,0.000,0.000,179
19,63,2156,1632,0.000,0.000,168
19,64,2140,1636,10.995,0.733,138
19,65,2140,1636,0.000,0.000,131
19,66,2148,1628,7.542,0.503,120
19,67,2160,1620,9.615,0.641,134
19,68,2180,1592,22.939,1.529,143
19,69,2184,1556,24.147,1.610,166
19,70,2184,1556,0.000,0.000,149
19,71,2188,1536,13.597,0.906,141
19,72,2196,1532,5.963,0.398,157
19,73,2212,1524,11.926,0.795,155
19,74,2216,1520,3.771,0.251,161
19,75,2220,1520,2.667,0.178,140
19,76,2216,1528,5.963,0.398,133
19,77,2208,1544,11.926,0.795,145
19,78,2208,1548,2.667,0.178,156
19,79,2208,1548,0.000,0.000,147
19,80,2224,1560,13.333,0.889,156
19,81,2228,1560,2.667,0.178,141
19,82,2232,1564,3.771,0.251,154
19,83,2232,1564,0.000,0.000,144
19,84,2232,1568,2.667,0.178,142
19,85,2232,1572,2.667,0.178,140
19,86,2232,1572,0.000,0.000,135
19,87,2232,1572,0.000,0.000,132
19,88,2232,1560,8.000,0.533,115
19,89,2232,1540,13.333,0.889,151
19,90,2232,1528,8.000,0.533,182
19,91,2236,1524,3.771,0.251,139
19,92,2236,1524,0.000,0.000,134
19,93,2236,1540,10.667,0.711,136
19,94,2236,1540,0.000,0.000,163
19,95,2236,1540,0.000,0.000,135
19,96,2236,1540,0.000,0.000,166
19,97,2236,1540,0.000,0.000,148
21,1,1928,1836,-1.000,-1.000,202
21,2,1936,1836,5.333,0.356,127
21,3,1896,1816,29.814,1.988,176
21,4,1892,1808,5.963,0.398,172
21,5,1904,1840,22.784,1.519,164
21,6,1892,1832,9.615,0.641,124
21,7,1912,1848,17.075,1.138,184
21,8,1920,1844,5.963,0.398,180
21,9,1920,1836,5.333,0.356,203
21,10,1924,1832,3.771,0.251,178
21,11,1924,1824,5.333,0.356,156
21,12,1924,1820,2.667,0.178,193
21,13,1924,1820,0.000,0.000,193
21,14,1924,1816,2.667,0.178,138
21,15,1924,1816,0.000,0.000,110
21,16,1940,1828,13.333,0.889,116
21,17,1924,1784,31.212,2.081,176
21,18,1924,1784,0.000,0.000,143
21,19,1920,1784,2.667,0.178,182
21,20,1904,1772,13.333,0.889,166
21,21,1904,1772,0.000,0.000,170
21,22,1896,1764,7.542,0.503,180
21,23,1896,1764,0.000,0.000,188
21,24,1896,1764,0.000,0.000,195
21,25,1896,1764,0.000,0.000,195
21,26,1896,1760,2.667,0.178,181
21,27,1912,1768,11.926,0.795,208
21,28,1912,1768,0.000,0.000,188
21,29,1912,1768,0.000,0.000,180
21,30,1912,1768,0.000,0.000,172
21,31,1912,1768,0.000,0.000,214
21,32,1912,1768,0.000,0.000,171
21,33,1912,1772,2.667,0.178,176
21,34,1908,1768,3.771,0.251,141
21,35,1900,1764,5.963,0.398,141
21,36,1888,1752,11.314,0.754,157
21,37,1888,1752,0.000,0.000,124
21,38,1888,1752,0.000,0.000,112
21,39,1884,1752,2.667,0.178,149
21,40,1872,1748,8.433,0.562,168
21,41,1872,1752,2.667,0.178,198
21,42,1876,1752,2.667,0.178,198
21,43,1888,1752,8.000,0.533,181
21,44,1892,1752,2.667,0.178,128
21,45,1896,1744,5.963,0.398,115
21,46,1896,1728,10.667,0.711,190
21,47,1896,1728,0.000,0.000,133
21,48,1908,1720,9.615,0.641,182
21,49,1908,1716,2.667,0.178,188
21,50,1920,1704,11.314,0.754,154
21,51,1928,1696,7.542,0.503,174
21,52,1936,1692,5.963,0.398,115
21,53,1936,1688,2.667,0.178,109
21,54,1920,1700,13.333,0.889,139
21,55,1912,1700,5.333,0.356,166
21,56,1912,1700,0.000,0.000,114
21,57,1900,1688,11.314,0.754,193
21,58,1900,1684,2.667,0.178,174
21,59,1896,1680,3.771,0.251,202
21,60,1896,1672,5.333,0.356,191
21,61,1896,1668,2.667,0.178,213
21,62,1896,1668,0.000,0.000,186
21,63,1896,1664,2.667,0.178,133
21,64,1896,1664,0.000,0.000,119
21,65,1896,1664,0.000,0.000,115
21,66,1896,1672,5.333,0.356,134
21,67,1896,1680,5.333,0.356,165
21,68,1896,1684,2.667,0.178,183
21,69,1896,1684,0.000,0.000,178
21,70,1896,1684,0.000,0.000,190
21,71,1896,1684,0.000,0.000,194
21,72,1896,1684,0.000,0.000,197
21,73,1896,1688,2.667,0.178,187
21,74,1896,1684,2.667,0.178,180
21,75,1896,1684,0.000,0.000,184
21,76,1896,1684,0.000,0.000,178
21,77,1896,1684,0.000,0.000,177
21,78,1896,1684,0.000,0.000,189
21,79,1896,1684,0.000,0.000,148
21,80,1896,1684,0.000,0.000,132
21,81,1888,1688,5.963,0.398,155
21,82,1888,1692,2.667,0.178,120
21,83,1884,1692,2.667,0.178,119
21,84,1876,1688,5.963,0.398,152
21,85,1876,1688,0.000,0.000,127
21,86,1876,1700,8.000,0.533,116
21,87,1872,1704,3.771,0.251,104
21,88,1872,1708,2.667,0.178,108
21,89,1872,1708,0.000,0.000,107
21,90,1872,1708,0.000,0.000,119
21,91,1872,1708,0.000,0.000,126
21,92,1872,1704,2.667,0.178,112
21,93,1860,1700,8.433,0.562,172
21,94,1860,1700,0.000,0.000,166
21,95,1856,1700,2.667,0.178,185
21,96,1840,1716,15.085,1.006,165
21,97,1840,1716,0.000,0.000,162
23,1,1612,136,-1.000,-1.000,207
23,2,1612,136,0.000,0.000,198
23,3,1608,136,2.667,0.178,122
23,4,1576,144,21.990,1.466,137
23,5,1572,132,8.433,0.562,213
23,6,1564,132,5.333,0.356,210
23,7,1560,132,2.667,0.178,229
23,8,1556,132,2.667,0.178,157
23,9,1556,132,0.000,0.000,143
23,10,1540,140,11.926,0.795,199
23,11,1540,140,0.000,0.000,137
23,12,1524,144,10.995,0.733,216
23,13,1492,136,21.990,1.466,134
23,14,1504,136,8.000,0.533,214
23,15,1500,136,2.667,0.178,201
23,16,1496,136,2.667,0.178,107
23,17,1464,132,21.499,1.433,176
23,18,1452,124,9.615,0.641,155
23,19,1440,124,8.000,0.533,113
23,20,1428,112,11.314,0.754,200
23,21,1416,104,9.615,0.641,184
23,22,1440,100,16.221,1.081,214
23,23,1440,100,0.000,0.000,200
23,24,1440,100,0.000,0.000,197
23,25,1440,100,0.000,0.000,167
23,26,1440,100,0.000,0.000,189
23,27,1440,100,0.000,0.000,132
23,28,1444,100,2.667,0.178,124
23,29,1456,100,8.000,0.533,179
23,30,1464,96,5.963,0.398,160
23,31,1464,96,0.000,0.000,169
23,32,1468,96,2.667,0.178,122
23,33,1480,100,8.433,0.562,153
23,34,1484,120,13.597,0.906,200
23,35,1488,124,3.771,0.251,123
23,36,1496,144,14.360,0.957,132
23,37,1540,148,29.454,1.964,207
23,38,1544,152,3.771,0.251,185
23,39,1548,156,3.771,0.251,178
23,40,1552,156,2.667,0.178,222
23,41,1552,160,2.667,0.178,211
23,42,1552,160,0.000,0.000,191
23,43,1552,160,0.000,0.000,201
23,44,1552,160,0.000,0.000,170
23,45,1552,160,0.000,0.000,175
23,46,1552,160,0.000,0.000,179
23,47,1556,168,5.963,0.398,208
23,48,1560,168,2.667,0.178,177
23,49,1560,168,0.000,0.000,166
23,50,1560,168,0.000,0.000,171
23,51,1568,172,5.963,0.398,197
23,52,1568,172,0.000,0.000,197
23,53,1568,172,0.000,0.000,188
23,54,1568,172,0.000,0.000,183
23,55,1568,172,0.000,0.000,177
23,56,1568,172,0.000,0.000,206
23,57,1568,172,0.000,0.000,151
23,58,1576,172,5.333,0.356,184
23,59,1584,180,7.542,0.503,123
23,60,1584,180,0.000,0.000,110
23,61,1584,172,5.333,0.356,194
23,62,1588,168,3.771,0.251,173
23,63,1592,164,3.771,0.251,201
23,64,1592,164,0.000,0.000,146
23,65,1596,164,2.667,0.178,127
23,66,1596,172,5.333,0.356,169
23,67,1596,180,5.333,0.356,168
23,68,1596,180,0.000,0.000,149
23,69,1580,168,13.333,0.889,161
23,70,1580,168,0.000,0.000,157
23,71,1576,172,3.771,0.251,168
23,72,1572,172,2.667,0.178,159
23,73,1568,176,3.771,0.251,174
23,74,1568,172,2.667,0.178,122
23,75,1568,176,2.667,0.178,156
23,76,1560,184,7.542,0.503,175
23,77,1544,184,10.667,0.711,170
23,78,1536,188,5.963,0.398,157
23,79,1520,188,10.667,0.711,147
23,80,1508,188,8.000,0.533,198
23,81,1500,196,7.542,0.503,175
23,82,1500,196,0.000,0.000,170
23,83,1504,196,2.667,0.178,183
23,84,1508,196,2.667,0.178,165
23,85,1508,196,0.000,0.000,142
23,86,1524,192,10.995,0.733,127
23,87,1528,196,3.771,0.251,144
23,88,1536,212,11.926,0.795,173
23,89,1536,204,5.333,0.356,141
23,90,1536,204,0.000,0.000,164
23,91,1536,204,0.000,0.000,174
23,92,1536,208,2.667,0.178,158
23,93,1536,208,0.000,0.000,163
23,94,1536,208,0.000,0.000,172
23,95,1540,212,3.771,0.251,167
23,96,1548,212,5.333,0.356,194
23,97,1548,212,0.000,0.000,156
25,1,1256,432,-1.000,-1.000,207
25,2,1256,432,0.000,0.000,188
25,3,1248,436,5.963,0.398,171
25,4,1240,436,5.333,0.356,167
25,5,1240,436,0.000,0.000,130
25,6,1236,436,2.667,0.178,126
25,7,1236,432,2.667,0.178,105
25,8,1168,424,45.646,3.043,209
25,9,1168,428,2.667,0.178,115
25,10,1164,428,2.667,0.178,115
25,11,1124,436,27.194,1.813,158
25,12,1128,432,3.771,0.251,193
25,13,1156,440,19.413,1.294,208
25,14,1160,440,2.667,0.178,207
25,15,1180,440,13.333,0.889,182
25,16,1204,424,19.229,1.282,113
25,17,1216,440,13.333,0.889,172
25,18,1228,452,11.314,0.754,215
25,19,1236,464,9.615,0.641,125
25,20,1236,472,5.333,0.356,127
25,21,1236,492,13.333,0.889,208
25,22,1244,524,21.990,1.466,123
25,23,1280,540,26.263,1.751,120
25,24,1276,540,2.667,0.178,138
25,25,1256,516,20.827,1.388,126
25,26,1260,532,10.995,0.733,187
25,27,1260,532,0.000,0.000,199
25,28,1264,528,3.771,0.251,203
25,29,1268,532,3.771,0.251,176
25,30,1276,532,5.333,0.356,225
25,31,1276,532,0.000,0.000,188
25,32,1284,536,5.963,0.398,183
25,33,1284,536,0.000,0.000,169
25,34,1284,536,0.000,0.000,210
25,35,1284,536,0.000,0.000,159
25,36,1284,544,5.333,0.356,168
25,37,1284,544,0.000,0.000,119
25,38,1284,552,5.333,0.356,114
25,39,1284,564,8.000,0.533,154
25,40,1296,580,13.333,0.889,108
25,41,1284,580,8.000,0.533,175
25,42,1284,580,0.000,0.000,180
25,43,1284,580,0.000,0.000,185
25,44,1284,580,0.000,0.000,120
25,45,1284,580,0.000,0.000,114
25,46,1280,580,2.667,0.178,115
25,47,1276,576,3.771,0.251,107
25,48,1272,556,13.597,0.906,111
25,49,1272,552,2.667,0.178,117
25,50,1276,544,5.963,0.398,114
25,51,1276,536,5.333,0.356,123
25,52,1284,516,14.360,0.957,186
25,53,1284,512,2.667,0.178,160
25,54,1276,504,7.542,0.503,182
25,55,1272,500,3.771,0.251,162
25,56,1272,496,2.667,0.178,131
25,57,1268,504,5.963,0.398,232
25,58,1264,512,5.963,0.398,180
25,59,1264,504,5.333,0.356,137
25,60,1260,500,3.771,0.251,112
25,61,1288,504,18.856,1.257,201
25,62,1288,508,2.667,0.178,181
25,63,1288,508,0.000,0.000,196
25,64,1288,508,0.000,0.000,113
25,65,1300,520,11.314,0.754,131
25,66,1316,532,13.333,0.889,175
25,67,1324,532,5.333,0.356,106
25,68,1328,532,2.667,0.178,121
25,69,1336,520,9.615,0.641,122
25,70,1340,516,3.771,0.251,123
25,71,1336,508,5.963,0.398,166
25,72,1340,504,3.771,0.251,115
25,73,1332,496,7.542,0.503,200
25,74,1332,496,0.000,0.000,174
25,75,1332,496,0.000,0.000,167
25,76,1332,496,0.000,0.000,154
25,77,1328,512,10.995,0.733,211
25,78,1328,532,13.333,0.889,169
25,79,1328,544,8.000,0.533,151
25,80,1328,544,0.000,0.000,126
25,81,1336,548,5.963,0.398,110
25,82,1384,564,33.731,2.249,123
25,83,1384,564,0.000,0.000,121
25,84,1388,568,3.771,0.251,129
25,85,1384,556,8.433,0.562,113
25,86,1384,556,0.000,0.000,127
25,87,1372,548,9.615,0.641,188
25,88,1372,548,0.000,0.000,165
25,89,1372,548,0.000,0.000,172
25,90,1372,548,0.000,0.000,128
25,91,1372,544,2.667,0.178,123
25,92,1376,540,3.771,0.251,124
25,93,1384,528,9.615,0.641,182
25,94,1388,524,3.771,0.251,167
25,95,1388,520,2.667,0.178,185
25,96,1388,516,2.667,0.178,188
25,97,1388,512,2.667,0.178,176
27,1,1556,2052,-1.000,-1.000,145
27,2,1544,2056,8.433,0.562,154
27,3,1540,2056,2.667,0.178,161
27,4,1540,2060,2.667,0.178,128
27,5,1536,2060,2.667,0.178,164
27,6,1532,2056,3.771,0.251,138
27,7,1528,2056,2.667,0.178,154
27,8,1528,2056,0.000,0.000,149
27,9,1528,2056,0.000,0.000,158
27,10,1524,2056,2.667,0.178,133
27,11,1516,2060,5.963,0.398,154
27,12,1512,2060,2.667,0.178,126
27,13,1504,2056,5.963,0.398,124
27,14,1496,2044,9.615,0.641,111
27,15,1496,2040,2.667,0.178,118
27,16,1500,2012,18.856,1.257,154
27,17,1500,2004,5.333,0.356,142
27,18,1500,2004,0.000,0.000,139
27,19,1500,2000,2.667,0.178,115
27,20,1504,1992,5.963,0.398,109
27,21,1520,1992,10.667,0.711,149
27,22,1532,1996,8.433,0.562,176
27,23,1532,1996,0.000,0.000,105
27,24,1512,2020,20.827,1.388,139
27,25,1512,2020,0.000,0.000,161
27,26,1508,2020,2.667,0.178,160
27,27,1500,2020,5.333,0.356,140
27,28,1488,2012,9.615,0.641,154
27,29,1488,2012,0.000,0.000,145
27,30,1484,2012,2.667,0.178,108
27,31,1484,2012,0.000,0.000,109
27,32,1484,2016,2.667,0.178,109
27,33,1496,2020,8.433,0.562,142
27,34,1512,2020,10.667,0.711,158
27,35,1516,2020,2.667,0.178,107
27,36,1516,2020,0.000,0.000,112
27,37,1504,2008,11.314,0.754,139
27,38,1492,2000,9.615,0.641,156
27,39,1480,1996,8.433,0.562,130
27,40,1468,1996,8.000,0.533,111
27,41,1464,2008,8.433,0.562,131
27,42,1468,2024,10.995,0.733,158
27,43,1468,2036,8.000,0.533,142
27,44,1468,2036,0.000,0.000,148
27,45,1468,2040,2.667,0.178,141
27,46,1460,2040,5.333,0.356,153
27,47,1460,2048,5.333,0.356,153
27,48,1456,2052,3.771,0.251,149
27,49,1452,2052,2.667,0.178,158
27,50,1448,2052,2.667,0.178,150
27,51,1448,2052,0.000,0.000,144
27,52,1440,2048,5.963,0.398,165
27,53,1436,2048,2.667,0.178,146
27,54,1432,2052,3.771,0.251,157
27,55,1444,2052,8.000,0.533,148
27,56,1444,2052,0.000,0.000,152
27,57,1444,2052,0.000,0.000,140
27,58,1440,2056,3.771,0.251,161
27,59,1440,2056,0.000,0.000,165
27,60,1440,2056,0.000,0.000,162
27,61,1444,2060,3.771,0.251,160
27,62,1448,2060,2.667,0.178,169
27,63,1448,2060,0.000,0.000,151
27,64,1448,2060,0.000,0.000,109
27,65,1448,2064,2.667,0.178,109
27,66,1428,2076,15.549,1.037,166
27,67,1428,2076,0.000,0.000,176
27,68,1428,2076,0.000,0.000,161
27,69,1428,2080,2.667,0.178,152
27,70,1428,2084,2.667,0.178,152
27,71,1424,2088,3.771,0.251,147
27,72,1408,2088,10.667,0.711,177
27,73,1408,2088,0.000,0.000,133
27,74,1404,2088,2.667,0.178,161
27,75,1400,2084,3.771,0.251,161
27,76,1396,2088,3.771,0.251,193
27,77,1392,2088,2.667,0.178,149
27,78,1392,2088,0.000,0.000,124
27,79,1404,2100,11.314,0.754,170
27,80,1408,2100,2.667,0.178,166
27,81,1408,2100,0.000,0.000,153
27,82,1424,2108,11.926,0.795,152
27,83,1424,2108,0.000,0.000,140
27,84,1424,2112,2.667,0.178,171
27,85,1424,2112,0.000,0.000,154
27,86,1424,2116,2.667,0.178,158
27,87,1416,2116,5.333,0.356,165
27,88,1416,2116,0.000,0.000,162
27,89,1412,2108,5.963,0.398,144
27,90,1412,2108,0.000,0.000,167
27,91,1424,2108,8.000,0.533,130
27,92,1424,2108,0.000,0.000,142
27,93,1424,2108,0.000,0.000,168
27,94,1424,2112,2.667,0.178,160
27,95,1424,2116,2.667,0.178,153
27,96,1420,2120,3.771,0.251,147
27,97,1420,2120,0.000,0.000,151
29,1,940,1872,-1.000,-1.000,183
29,2,940,1872,0.000,0.000,116
29,3,932,1872,5.333,0.356,123
29,4,928,1868,3.771,0.251,123
29,5,928,1864,2.667,0.178,196
29,6,928,1852,8.000,0.533,207
29,7,928,1852,0.000,0.000,186
29,8,940,1860,9.615,0.641,205
29,9,952,1868,9.615,0.641,194
29,10,952,1868,0.000,0.000,226
29,11,952,1868,0.000,0.000,180
29,12,960,1872,5.963,0.398,146
29,13,960,1880,5.333,0.356,183
29,14,960,1888,5.333,0.356,175
29,15,960,1892,2.667,0.178,141
29,16,960,1888,2.667,0.178,140
29,17,952,1888,5.333,0.356,123
29,18,952,1888,0.000,0.000,126
29,19,944,1884,5.963,0.398,168
29,20,944,1884,0.000,0.000,178
29,21,944,1884,0.000,0.000,185
29,22,944,1888,2.667,0.178,175
29,23,936,1884,5.963,0.398,177
29,24,936,1884,0.000,0.000,150
29,25,936,1884,0.000,0.000,171
29,26,932,1884,2.667,0.178,193
29,27,924,1884,5.333,0.356,171
29,28,924,1884,0.000,0.000,159
29,29,936,1892,9.615,0.641,205
29,30,936,1896,2.667,0.178,163
29,31,948,1896,8.000,0.533,163
29,32,952,1912,10.995,0.733,169
29,33,968,1928,15.085,1.006,175
29,34,976,1932,5.963,0.398,159
29,35,976,1928,2.667,0.178,166
29,36,976,1932,2.667,0.178,134
29,37,980,1932,2.667,0.178,122
29,38,972,1932,5.333,0.356,128
29,39,964,1928,5.963,0.398,146
29,40,960,1928,2.667,0.178,184
29,41,956,1924,3.771,0.251,178
29,42,956,1924,0.000,0.000,148
29,43,956,1920,2.667,0.178,165
29,44,956,1924,2.667,0.178,182
29,45,952,1924,2.667,0.178,168
29,46,952,1924,0.000,0.000,117
29,47,960,1936,9.615,0.641,118
29,48,980,1948,15.549,1.037,171
29,49,992,1956,9.615,0.641,165
29,50,1004,1964,9.615,0.641,157
29,51,1004,1968,2.667,0.178,155
29,52,1012,1972,5.963,0.398,147
29,53,1020,1976,5.963,0.398,148
29,54,1032,1992,13.333,0.889,175
29,55,1040,1996,5.963,0.398,157
29,56,1048,2008,9.615,0.641,150
29,57,1048,2012,2.667,0.178,144
29,58,1060,2024,11.314,0.754,145
29,59,1064,2024,2.667,0.178,144
29,60,1076,2040,13.333,0.889,151
29,61,1088,2048,9.615,0.641,149
29,62,1092,2052,3.771,0.251,158
29,63,1096,2056,3.771,0.251,157
29,64,1096,2056,0.000,0.000,152
29,65,1096,2056,0.000,0.000,135
29,66,1096,2060,2.667,0.178,143
29,67,1096,2064,2.667,0.178,147
29,68,1096,2072,5.333,0.356,158
29,69,1112,2080,11.926,0.795,130
29,70,1112,2080,0.000,0.000,161
29,71,1108,2080,2.667,0.178,150
29,72,1104,2084,3.771,0.251,148
29,73,1096,2084,5.333,0.356,171
29,74,1096,2084,0.000,0.000,160
29,75,1096,2084,0.000,0.000,153
29,76,1092,2092,5.963,0.398,125
29,77,1096,2096,3.771,0.251,115
29,78,1116,2100,13.597,0.906,142
29,79,1120,2104,3.771,0.251,139
29,80,1128,2116,9.615,0.641,151
29,81,1136,2116,5.333,0.356,131
29,82,1144,2112,5.963,0.398,161
29,83,1144,2112,0.000,0.000,174
29,84,1144,2112,0.000,0.000,139
29,85,1152,2112,5.333,0.356,146
29,86,1160,2116,5.963,0.398,143
29,87,1160,2116,0.000,0.000,158
29,88,1164,2116,2.667,0.178,102
29,89,1164,2116,0.000,0.000,115
29,90,1136,2084,28.347,1.890,164
29,91,1136,2084,0.000,0.000,162
29,92,1140,2084,2.667,0.178,168
29,93,1148,2088,5.963,0.398,135
29,94,1148,2092,2.667,0.178,151
29,95,1148,2100,5.333,0.356,189
29,96,1148,2100,0.000,0.000,139
29,97,1152,2100,2.667,0.178,145
31,1,1924,528,-1.000,-1.000,285
31,2,1916,528,5.333,0.356,141
31,3,1896,528,13.333,0.889,173
31,4,1876,540,15.549,1.037,138
31,5,1868,544,5.963,0.398,119
31,6,1856,544,8.000,0.533,317
31,7,1840,544,10.667,0.711,293
31,8,1840,544,0.000,0.000,334
31,9,1844,544,2.667,0.178,337
31,10,1844,544,0.000,0.000,357
31,11,1844,544,0.000,0.000,113
31,12,1844,544,0.000,0.000,129
31,13,1844,540,2.667,0.178,240
31,14,1840,528,8.433,0.562,123
31,15,1876,532,24.147,1.610,139
31,16,1876,528,2.667,0.178,286
31,17,1876,528,0.000,0.000,259
31,18,1876,524,2.667,0.178,320
31,19,1880,520,3.771,0.251,304
31,20,1880,520,0.000,0.000,142
31,21,1880,528,5.333,0.356,279
31,22,1880,528,0.000,0.000,146
31,23,1892,536,9.615,0.641,223
31,24,1892,544,5.333,0.356,237
31,25,1892,544,0.000,0.000,288
31,26,1892,552,5.333,0.356,227
31,27,1892,552,0.000,0.000,237
31,28,1892,552,0.000,0.000,328
31,29,1884,556,5.963,0.398,133
31,30,1892,552,5.963,0.398,239
31,31,1900,560,7.542,0.503,284
31,32,1900,560,0.000,0.000,282
31,33,1904,560,2.667,0.178,248
31,34,1908,560,2.667,0.178,247
31,35,1908,560,0.000,0.000,228
31,36,1912,560,2.667,0.178,281
31,37,1912,560,0.000,0.000,262
31,38,1916,560,2.667,0.178,275
31,39,1916,560,0.000,0.000,219
31,40,1912,576,10.995,0.733,200
31,41,1912,576,0.000,0.000,177
31,42,1908,572,3.771,0.251,123
31,43,1900,572,5.333,0.356,133
31,44,1896,584,8.433,0.562,123
31,45,1896,592,5.333,0.356,116
31,46,1884,600,9.615,0.641,123
31,47,1856,624,24.585,1.639,217
31,48,1848,632,7.542,0.503,180
31,49,1824,640,16.865,1.124,170
31,50,1824,640,0.000,0.000,187
31,51,1828,636,3.771,0.251,253
31,52,1828,636,0.000,0.000,246
31,53,1824,636,2.667,0.178,230
31,54,1820,636,2.667,0.178,236
31,55,1820,636,0.000,0.000,246
31,56,1824,636,2.667,0.178,114
31,57,1856,608,28.347,1.890,225
31,58,1856,604,2.667,0.178,227
31,59,1864,604,5.333,0.356,126
31,60,1888,588,19.229,1.282,250
31,61,1900,588,8.000,0.533,250
31,62,1908,592,5.963,0.398,217
31,63,1908,592,0.000,0.000,182
31,64,1912,588,3.771,0.251,248
31,65,1912,588,0.000,0.000,192
31,66,1916,584,3.771,0.251,235
31,67,1916,580,2.667,0.178,227
31,68,1916,580,0.000,0.000,217
31,69,1916,576,2.667,0.178,216
31,70,1916,576,0.000,0.000,200
31,71,1900,584,11.926,0.795,220
31,72,1888,588,8.433,0.562,217
31,73,1888,588,0.000,0.000,231
31,74,1892,588,2.667,0.178,253
31,75,1904,592,8.433,0.562,272
31,76,1904,596,2.667,0.178,259
31,77,1904,596,0.000,0.000,233
31,78,1912,600,5.963,0.398,176
31,79,1912,600,0.000,0.000,187
31,80,1916,600,2.667,0.178,118
31,81,1892,588,17.888,1.193,154
31,82,1892,588,0.000,0.000,260
31,83,1892,588,0.000,0.000,226
31,84,1892,588,0.000,0.000,190
31,85,1892,596,5.333,0.356,183
31,86,1892,600,2.667,0.178,199
31,87,1892,600,0.000,0.000,252
31,88,1892,600,0.000,0.000,238
31,89,1892,596,2.667,0.178,238
31,90,1896,596,2.667,0.178,259
31,91,1896,600,2.667,0.178,195
31,92,1896,600,0.000,0.000,230
31,93,1896,596,2.667,0.178,204
31,94,1896,600,2.667,0.178,242
31,95,1896,600,0.000,0.000,225
31,96,1892,608,5.963,0.398,206
31,97,1892,608,0.000,0.000,193
33,1,284,132,-1.000,-1.000,183
33,2,284,144,8.000,0.533,200
33,3,284,144,0.000,0.000,162
33,4,284,132,8.000,0.533,120
33,5,284,132,0.000,0.000,181
33,6,284,132,0.000,0.000,112
33,7,284,132,0.000,0.000,126
33,8,280,124,5.963,0.398,116
33,9,276,112,8.433,0.562,143
33,10,272,100,8.433,0.562,176
33,11,272,100,0.000,0.000,142
33,12,272,96,2.667,0.178,114
33,13,272,96,0.000,0.000,121
33,14,272,96,0.000,0.000,125
33,15,272,92,2.667,0.178,131
33,16,276,88,3.771,0.251,155
33,17,280,84,3.771,0.251,170
33,18,284,84,2.667,0.178,152
33,19,284,84,0.000,0.000,163
33,20,284,84,0.000,0.000,167
33,21,284,84,0.000,0.000,152
33,22,284,92,5.333,0.356,190
33,23,284,92,0.000,0.000,196
33,24,292,88,5.963,0.398,137
33,25,292,88,0.000,0.000,129
33,26,292,84,2.667,0.178,125
33,27,292,76,5.333,0.356,104
33,28,284,56,14.360,0.957,207
33,29,284,52,2.667,0.178,179
33,30,284,52,0.000,0.000,130
33,31,284,52,0.000,0.000,156
33,32,284,64,8.000,0.533,149
33,33,284,68,2.667,0.178,140
33,34,284,68,0.000,0.000,149
33,35,284,68,0.000,0.000,166
33,36,280,68,2.667,0.178,140
33,37,280,68,0.000,0.000,130
33,38,280,72,2.667,0.178,161
33,39,280,72,0.000,0.000,112
33,40,280,68,2.667,0.178,215
33,41,280,68,0.000,0.000,134
33,42,284,64,3.771,0.251,130
33,43,292,64,5.333,0.356,151
33,44,292,64,0.000,0.000,125
33,45,296,56,5.963,0.398,121
33,46,300,52,3.771,0.251,159
33,47,304,52,2.667,0.178,123
33,48,308,48,3.771,0.251,125
33,49,312,44,3.771,0.251,129
33,50,324,32,11.314,0.754,108
33,51,324,28,2.667,0.178,142
33,52,324,28,0.000,0.000,155
33,53,324,28,0.000,0.000,123
33,54,348,48,20.827,1.388,118
33,55,352,52,3.771,0.251,155
33,56,352,52,0.000,0.000,124
33,57,352,52,0.000,0.000,120
33,58,352,52,0.000,0.000,165
33,59,352,52,0.000,0.000,126
33,60,352,48,2.667,0.178,116
33,61,352,44,2.667,0.178,147
33,62,352,44,0.000,0.000,137
33,63,352,44,0.000,0.000,166
33,64,352,44,0.000,0.000,118
33,65,352,40,2.667,0.178,183
33,66,352,36,2.667,0.178,135
33,67,352,36,0.000,0.000,123
33,68,352,32,2.667,0.178,133
33,69,380,28,18.856,1.257,153
33,70,380,28,0.000,0.000,157
33,71,380,24,2.667,0.178,145
33,72,376,20,3.771,0.251,155
33,73,376,20,0.000,0.000,141
33,74,376,20,0.000,0.000,106
33,75,360,20,10.667,0.711,114
33,76,360,20,0.000,0.000,131
33,77,356,20,2.667,0.178,106
33,78,392,24,24.147,1.610,120
33,79,392,28,2.667,0.178,112
33,80,392,24,2.667,0.178,124
33,81,392,24,0.000,0.000,122
33,82,388,20,3.771,0.251,132
33,83,388,20,0.000,0.000,102
33,84,380,24,5.963,0.398,141
33,85,380,24,0.000,0.000,128
33,86,380,24,0.000,0.000,169
33,87,380,24,0.000,0.000,126
33,88,380,24,0.000,0.000,139
33,89,380,24,0.000,0.000,149
33,90,380,24,0.000,0.000,135
33,91,388,16,7.542,0.503,128
33,92,388,16,0.000,0.000,151
33,93,388,16,0.000,0.000,128
33,94,388,16,0.000,0.000,147
33,95,388,16,0.000,0.000,143
33,96,388,16,0.000,0.000,135
33,97,388,16,0.000,0.000,128
